400,0.769478
400.5,0.778633
401,0.787824
401.5,0.796957
402,0.805999
402.5,0.814922
403,0.823698
403.5,0.832297
404,0.840693
404.5,0.848863
405,0.85679
405.5,0.864458
406,0.871853
406.5,0.87897
407,0.885802
407.5,0.892354
408,0.898621
408.5,0.904613
409,0.910333
409.5,0.915789
410,0.920984
410.5,0.925926
411,0.930624
411.5,0.935085
412,0.93931
412.5,0.943306
413,0.947075
413.5,0.950628
414,0.953971
414.5,0.957112
415,0.960061
415.5,0.962833
416,0.965439
416.5,0.967889
417,0.970199
417.5,0.972378
418,0.974432
418.5,0.976372
419,0.978201
419.5,0.979931
420,0.981572
420.5,0.983136
421,0.98463
421.5,0.986068
422,0.987461
422.5,0.98882
423,0.990154
423.5,0.991469
424,0.992775
424.5,0.994081
425,0.995388
425.5,0.996698
426,0.998018
426.5,0.999346
427,1.000688
427.5,1.002041
428,1.003401
428.5,1.004762
429,1.006123
429.5,1.007485
430,1.008836
430.5,1.010173
431,1.011497
431.5,1.012807
432,1.014102
432.5,1.015382
433,1.01665
433.5,1.017899
434,1.01913
434.5,1.020346
435,1.021542
435.5,1.022719
436,1.023874
436.5,1.025009
437,1.026122
437.5,1.027219
438,1.028298
438.5,1.029353
439,1.030389
439.5,1.031402
440,1.032387
440.5,1.033348
441,1.03428
441.5,1.035186
442,1.036068
442.5,1.036921
443,1.037745
443.5,1.038549
444,1.039333
444.5,1.040096
445,1.040831
445.5,1.041537
446,1.042216
446.5,1.042866
447,1.043488
447.5,1.044082
448,1.044651
448.5,1.045206
449,1.045748
449.5,1.046277
450,1.046799
450.5,1.047319
451,1.047835
451.5,1.048342
452,1.048831
452.5,1.049303
453,1.049759
453.5,1.050199
454,1.050624
454.5,1.051037
455,1.051435
455.5,1.051817
456,1.052187
456.5,1.05255
457,1.052907
457.5,1.053259
458,1.053605
458.5,1.053947
459,1.054289
459.5,1.054627
460,1.054955
460.5,1.055273
461,1.055581
461.5,1.055878
462,1.056167
462.5,1.056446
463,1.056714
463.5,1.056973
464,1.057221
464.5,1.057459
465,1.057688
465.5,1.057911
466,1.058129
466.5,1.058344
467,1.058558
467.5,1.058766
468,1.05897
468.5,1.059169
469,1.059362
469.5,1.059548
470,1.059726
470.5,1.059896
471,1.060056
471.5,1.060208
472,1.060349
472.5,1.060481
473,1.060602
473.5,1.060713
474,1.060816
474.5,1.060913
475,1.060997
475.5,1.061066
476,1.06112
476.5,1.061158
477,1.061182
477.5,1.06119
478,1.061182
478.5,1.06116
479,1.061125
479.5,1.06108
480,1.061023
480.5,1.060956
481,1.060878
481.5,1.060783
482,1.060668
482.5,1.060532
483,1.060378
483.5,1.060208
484,1.060022
484.5,1.059822
485,1.059607
485.5,1.05938
486,1.059139
486.5,1.058884
487,1.058618
487.5,1.058335
488,1.058041
488.5,1.05773
489,1.057401
489.5,1.057059
490,1.056705
490.5,1.056341
491,1.055965
491.5,1.055574
492,1.055173
492.5,1.054761
493,1.054334
493.5,1.053895
494,1.053443
494.5,1.052977
495,1.0525
495.5,1.052008
496,1.051501
496.5,1.050983
497,1.050455
497.5,1.049914
498,1.049364
498.5,1.048808
499,1.048245
499.5,1.047676
500,1.0471
500.5,1.046519
501,1.04593
501.5,1.045331
502,1.044722
502.5,1.044105
503,1.043478
503.5,1.04284
504,1.042196
504.5,1.041543
505,1.040881
505.5,1.040214
506,1.039541
506.5,1.038862
507,1.038176
507.5,1.037485
508,1.036789
508.5,1.036083
509,1.03537
509.5,1.034652
510,1.033931
510.5,1.033209
511,1.032486
511.5,1.031763
512,1.031037
512.5,1.030307
513,1.02957
513.5,1.028823
514,1.028065
514.5,1.027299
515,1.026526
515.5,1.025747
516,1.024963
516.5,1.024173
517,1.023377
517.5,1.022571
518,1.021754
518.5,1.020927
519,1.020094
519.5,1.019255
520,1.018407
520.5,1.017548
521,1.016678
521.5,1.015797
522,1.014904
522.5,1.014
523,1.013087
523.5,1.012161
524,1.011226
524.5,1.01028
525,1.00932
525.5,1.008349
526,1.007365
526.5,1.006366
527,1.005352
527.5,1.004323
528,1.003277
528.5,1.002215
529,1.001137
529.5,1.000044
530,0.998934
530.5,0.997809
531,0.996668
531.5,0.995511
532,0.994337
532.5,0.993145
533,0.991934
533.5,0.990706
534,0.989461
534.5,0.988196
535,0.986915
535.5,0.985613
536,0.984293
536.5,0.982954
537,0.981596
537.5,0.980217
538,0.978817
538.5,0.977395
539,0.975952
539.5,0.974488
540,0.973002
540.5,0.971497
541,0.969966
541.5,0.968414
542,0.966841
542.5,0.965247
543,0.963627
543.5,0.961983
544,0.960319
544.5,0.958632
545,0.956923
545.5,0.955189
546,0.953434
546.5,0.951658
547,0.949861
547.5,0.948042
548,0.946201
548.5,0.944339
549,0.942455
549.5,0.940552
550,0.938627
550.5,0.936682
551,0.934716
551.5,0.93273
552,0.930724
552.5,0.928696
553,0.926648
553.5,0.924584
554,0.922503
554.5,0.920407
555,0.918293
555.5,0.916163
556,0.914017
556.5,0.911857
557,0.909681
557.5,0.90749
558,0.905286
558.5,0.903068
559,0.900841
559.5,0.898607
560,0.896364
560.5,0.894115
561,0.891859
561.5,0.889596
562,0.887328
562.5,0.885054
563,0.882773
563.5,0.880487
564,0.878197
564.5,0.875904
565,0.873612
565.5,0.87132
566,0.869026
566.5,0.866734
567,0.864441
567.5,0.862148
568,0.859859
568.5,0.857576
569,0.855297
569.5,0.853023
570,0.850755
570.5,0.848492
571,0.846235
571.5,0.843983
572,0.841738
572.5,0.839503
573,0.837281
573.5,0.835071
574,0.832873
574.5,0.830685
575,0.828508
575.5,0.826342
576,0.824185
576.5,0.82204
577,0.81991
577.5,0.817796
578,0.815697
578.5,0.813614
579,0.811546
579.5,0.809495
580,0.80746
580.5,0.805442
581,0.803444
581.5,0.801465
582,0.799507
582.5,0.797565
583,0.795638
583.5,0.793728
584,0.791834
584.5,0.789957
585,0.788099
585.5,0.786262
586,0.784447
586.5,0.782651
587,0.780877
587.5,0.779123
588,0.777388
588.5,0.775673
589,0.773976
589.5,0.772298
590,0.770641
590.5,0.769001
591,0.767382
591.5,0.765784
592,0.764207
592.5,0.762651
593,0.761115
593.5,0.759597
594,0.758095
594.5,0.756613
595,0.755148
595.5,0.753701
596,0.752274
596.5,0.750863
597,0.74947
597.5,0.748094
598,0.746735
598.5,0.745394
599,0.744071
599.5,0.742766
600,0.74148
600.5,0.740211
601,0.73896
601.5,0.737726
602,0.736507
602.5,0.735304
603,0.734116
603.5,0.732944
604,0.731788
604.5,0.730647
605,0.729519
605.5,0.728404
606,0.727301
606.5,0.72621
607,0.725133
607.5,0.72407
608,0.723022
608.5,0.721988
609,0.720969
609.5,0.71996
610,0.718963
610.5,0.717977
611,0.717002
611.5,0.716037
612,0.715082
612.5,0.714138
613,0.713205
613.5,0.712281
614,0.711368
614.5,0.710465
615,0.709572
615.5,0.708689
616,0.707818
616.5,0.706957
617,0.706104
617.5,0.70526
618,0.704422
618.5,0.70359
619,0.702765
619.5,0.701946
620,0.701132
620.5,0.700324
621,0.699522
621.5,0.698727
622,0.697938
622.5,0.697156
623,0.69638
623.5,0.695609
624,0.694844
624.5,0.694085
625,0.693331
625.5,0.692583
626,0.691839
626.5,0.691098
627,0.69036
627.5,0.689625
628,0.688893
628.5,0.688166
629,0.687444
629.5,0.686727
630,0.686015
630.5,0.685308
631,0.684606
631.5,0.683906
632,0.683206
632.5,0.682507
633,0.681811
633.5,0.681116
634,0.680422
634.5,0.679731
635,0.67904
635.5,0.67835
636,0.677663
636.5,0.676976
637,0.676289
637.5,0.675602
638,0.674915
638.5,0.674228
639,0.673541
639.5,0.672854
640,0.672168
640.5,0.671484
641,0.670804
641.5,0.670123
642,0.669443
642.5,0.668764
643,0.668085
643.5,0.667409
644,0.666733
644.5,0.666057
645,0.665382
645.5,0.664707
646,0.664034
646.5,0.663362
647,0.662692
647.5,0.662024
648,0.661355
648.5,0.660686
649,0.660019
649.5,0.659352
650,0.658687
650.5,0.658024
651,0.657362
651.5,0.656704
652,0.656048
652.5,0.65539
653,0.654733
653.5,0.654078
654,0.653424
654.5,0.65277
655,0.652117
655.5,0.651465
656,0.650813
656.5,0.650163
657,0.649512
657.5,0.648861
658,0.648209
658.5,0.647558
659,0.646908
659.5,0.646257
660,0.645605
660.5,0.644951
661,0.644297
661.5,0.64364
662,0.642983
662.5,0.642324
663,0.641666
663.5,0.641008
664,0.64035
664.5,0.639691
665,0.63903
665.5,0.638368
666,0.637708
666.5,0.637049
667,0.636392
667.5,0.635734
668,0.635077
668.5,0.634421
669,0.633766
669.5,0.63311
670,0.632453
670.5,0.631795
671,0.631137
671.5,0.630481
672,0.629826
672.5,0.629172
673,0.628518
673.5,0.627863
674,0.627207
674.5,0.626553
675,0.625899
675.5,0.625247
676,0.624595
676.5,0.623942
677,0.623288
677.5,0.622635
678,0.621983
678.5,0.62133
679,0.620677
679.5,0.620024
680,0.619372
680.5,0.618719
681,0.618066
681.5,0.617413
682,0.616762
682.5,0.616109
683,0.615459
683.5,0.614809
684,0.61416
684.5,0.613511
685,0.612864
685.5,0.612218
686,0.61157
686.5,0.610923
687,0.610279
687.5,0.609636
688,0.608994
688.5,0.608351
689,0.607708
689.5,0.607064
690,0.606421
690.5,0.605781
691,0.605142
691.5,0.604505
692,0.603868
692.5,0.603236
693,0.602605
693.5,0.601975
694,0.601343
694.5,0.600711
695,0.600078
695.5,0.599447
696,0.598817
696.5,0.598188
697,0.59756
697.5,0.596936
698,0.596314
698.5,0.595691
699,0.595068
699.5,0.594445
700,0.593824
700.5,0.593204
701,0.592586
701.5,0.591972
702,0.591361
702.5,0.590752
703,0.590143
703.5,0.589536
704,0.588929
704.5,0.588324
705,0.587721
705.5,0.587121
706,0.586525
706.5,0.585931
707,0.585336
707.5,0.584742
708,0.584149
708.5,0.583558
709,0.58297
709.5,0.582384
710,0.5818
710.5,0.581217
711,0.580635
711.5,0.580055
712,0.579478
712.5,0.578904
713,0.578334
713.5,0.577767
714,0.577203
714.5,0.576642
715,0.576082
715.5,0.575524
716,0.574967
716.5,0.574413
717,0.573861
717.5,0.573309
718,0.57276
718.5,0.572211
719,0.571666
719.5,0.571122
720,0.570581
720.5,0.570044
721,0.56951
721.5,0.568978
722,0.568448
722.5,0.567919
723,0.567392
723.5,0.566867
724,0.566343
724.5,0.565822
725,0.565305
725.5,0.564791
726,0.56428
726.5,0.563771
727,0.563263
727.5,0.562758
728,0.562257
728.5,0.561759
729,0.561266
729.5,0.560775
730,0.560287
730.5,0.559801
731,0.559319
731.5,0.558841
732,0.558367
732.5,0.557896
733,0.557426
733.5,0.556959
734,0.556494
734.5,0.556033
735,0.555575
735.5,0.55512
736,0.554669
736.5,0.554219
737,0.55377
737.5,0.553323
738,0.55288
738.5,0.552441
739,0.552002
739.5,0.551567
740,0.551136
740.5,0.55071
741,0.550286
741.5,0.549866
742,0.54945
742.5,0.549037
743,0.548626
743.5,0.548218
744,0.547813
744.5,0.547412
745,0.547014
745.5,0.546618
746,0.546225
746.5,0.545835
747,0.545451
747.5,0.545069
748,0.544689
748.5,0.544311
749,0.543937
749.5,0.543567
750,0.5432
750.5,0.542836
751,0.542474
751.5,0.542116
752,0.541762
752.5,0.541411
753,0.541061
753.5,0.540713
754,0.540369
754.5,0.540028
755,0.539689
755.5,0.539354
756,0.539021
756.5,0.538691
757,0.538364
757.5,0.538041
758,0.537724
758.5,0.537411
759,0.537102
759.5,0.536796
760,0.536494
760.5,0.536194
761,0.535898
761.5,0.535605
762,0.535315
762.5,0.535028
763,0.534742
763.5,0.53446
764,0.534182
764.5,0.533908
765,0.533637
765.5,0.533368
766,0.5331
766.5,0.532834
767,0.532572
767.5,0.53231
768,0.532052
768.5,0.531794
769,0.531537
769.5,0.531281
770,0.531026
770.5,0.530774
771,0.530522
771.5,0.53027
772,0.530021
772.5,0.529774
773,0.529527
773.5,0.529282
774,0.529037
774.5,0.528793
775,0.528552
775.5,0.528314
776,0.528078
776.5,0.527846
777,0.527615
777.5,0.527388
778,0.527164
778.5,0.526942
779,0.526724
779.5,0.526509
780,0.526297
780.5,0.526089
781,0.525884
781.5,0.525681
782,0.52548
782.5,0.525282
783,0.525088
783.5,0.524895
784,0.524705
784.5,0.524517
785,0.524331
785.5,0.524148
786,0.523967
786.5,0.523789
787,0.523613
787.5,0.52344
788,0.523269
788.5,0.523102
789,0.522936
789.5,0.522771
790,0.522606
790.5,0.522443
791,0.522284
791.5,0.522128
792,0.521977
792.5,0.521827
793,0.521679
793.5,0.521531
794,0.521385
794.5,0.521241
795,0.521099
795.5,0.520959
796,0.520819
796.5,0.52068
797,0.520543
797.5,0.520406
798,0.52027
798.5,0.520135
799,0.520002
799.5,0.519869
800,0.519739
800.5,0.519611
801,0.519483
801.5,0.519357
802,0.519233
802.5,0.519111
803,0.51899
803.5,0.518869
804,0.518746
804.5,0.518626
805,0.518508
805.5,0.518393
806,0.518278
806.5,0.518164
807,0.518051
807.5,0.51794
808,0.517831
808.5,0.517724
809,0.517617
809.5,0.51751
810,0.517404
810.5,0.517301
811,0.5172
811.5,0.517101
812,0.517003
812.5,0.516906
813,0.516811
813.5,0.516717
814,0.516624
814.5,0.516531
815,0.516438
815.5,0.516346
816,0.516256
816.5,0.516167
817,0.516079
817.5,0.515991
818,0.515905
818.5,0.515819
819,0.515733
819.5,0.515649
820,0.515566
820.5,0.515483
821,0.515401
821.5,0.515321
822,0.515243
822.5,0.515166
823,0.51509
823.5,0.515017
824,0.514945
824.5,0.514873
825,0.514801
825.5,0.51473
826,0.51466
826.5,0.51459
827,0.51452
827.5,0.51445
828,0.514381
828.5,0.514312
829,0.514242
829.5,0.514174
830,0.514106
830.5,0.514039
831,0.513975
831.5,0.513911
832,0.513847
832.5,0.513786
833,0.513727
833.5,0.513667
834,0.513606
834.5,0.513543
835,0.51348
835.5,0.513417
836,0.513351
836.5,0.513285
837,0.51322
837.5,0.513155
838,0.513091
838.5,0.513026
839,0.51296
839.5,0.512895
840,0.512829
840.5,0.51276
841,0.512692
841.5,0.512622
842,0.512551
842.5,0.51248
843,0.512409
843.5,0.512338
844,0.512265
844.5,0.512191
845,0.512118
845.5,0.512044
846,0.511971
846.5,0.511897
847,0.511822
847.5,0.511746
848,0.511666
848.5,0.511586
849,0.511503
849.5,0.51142
850,0.511338
850.5,0.511253
851,0.511169
851.5,0.511082
852,0.510996
852.5,0.510908
853,0.510816
853.5,0.510726
854,0.510635
854.5,0.510544
855,0.510452
855.5,0.510356
856,0.510259
856.5,0.510159
857,0.510059
857.5,0.509958
858,0.509855
858.5,0.509752
859,0.509648
859.5,0.509543
860,0.509437
860.5,0.50933
861,0.509224
861.5,0.509116
862,0.509005
862.5,0.508895
863,0.508784
863.5,0.508672
864,0.508557
864.5,0.50844
865,0.508319
865.5,0.508198
866,0.508095
866.5,0.507975
867,0.507852
867.5,0.507727
868,0.507599
868.5,0.507471
869,0.507343
869.5,0.507216
870,0.507086
870.5,0.506955
871,0.506823
871.5,0.50669
872,0.506555
872.5,0.50642
873,0.506281
873.5,0.506139
874,0.505995
874.5,0.505851
875,0.505707
875.5,0.505564
876,0.50542
876.5,0.505276
877,0.505132
877.5,0.504985
878,0.504837
878.5,0.504686
879,0.504532
879.5,0.504376
880,0.504219
880.5,0.504061
881,0.503902
881.5,0.503745
882,0.503587
882.5,0.503431
883,0.503275
883.5,0.503114
884,0.50295
884.5,0.502785
885,0.502619
885.5,0.502451
886,0.502282
886.5,0.502112
887,0.501941
887.5,0.501772
888,0.5016
888.5,0.501425
889,0.501248
889.5,0.501073
890,0.500895
890.5,0.500716
891,0.500537
891.5,0.500357
892,0.500175
892.5,0.499992
893,0.499807
893.5,0.499621
894,0.499433
894.5,0.499243
895,0.499053
895.5,0.498863
896,0.49867
896.5,0.498477
897,0.498282
897.5,0.498087
898,0.497891
898.5,0.497694
899,0.497496
899.5,0.497296
900,0.497096
900.5,0.496895
901,0.496693
901.5,0.496491
902,0.496287
902.5,0.496083
903,0.495878
903.5,0.495674
904,0.495469
904.5,0.495263
905,0.495057
905.5,0.494851
906,0.494644
906.5,0.494436
907,0.494226
907.5,0.494017
908,0.493806
908.5,0.493594
909,0.493382
909.5,0.493168
910,0.492953
910.5,0.492738
911,0.492521
911.5,0.492301
912,0.49208
912.5,0.49186
913,0.49164
913.5,0.491417
914,0.491193
914.5,0.490969
915,0.490744
915.5,0.490519
916,0.490293
916.5,0.490065
917,0.489837
917.5,0.489607
918,0.489375
918.5,0.489142
919,0.488908
919.5,0.488674
920,0.48844
920.5,0.488206
921,0.48797
921.5,0.487735
922,0.487498
922.5,0.487261
923,0.487023
923.5,0.486783
924,0.486543
924.5,0.486302
925,0.48606
925.5,0.485817
926,0.485574
926.5,0.485331
927,0.485088
927.5,0.484846
928,0.484602
928.5,0.48436
929,0.484115
929.5,0.483869
930,0.483621
930.5,0.483373
931,0.483126
931.5,0.482878
932,0.48263
932.5,0.482382
933,0.482134
933.5,0.481884
934,0.481633
934.5,0.481381
935,0.481127
935.5,0.480873
936,0.480618
936.5,0.480364
937,0.480108
937.5,0.479852
938,0.479596
938.5,0.47934
939,0.479084
939.5,0.478828
940,0.478571
940.5,0.478315
941,0.478059
941.5,0.477803
942,0.477546
942.5,0.47729
943,0.477034
943.5,0.476777
944,0.476521
944.5,0.476265
945,0.476008
945.5,0.475752
946,0.475495
946.5,0.475239
947,0.474982
947.5,0.474726
948,0.47447
948.5,0.474213
949,0.473957
949.5,0.473701
950,0.473444
950.5,0.473188
951,0.472932
951.5,0.472677
952,0.472421
952.5,0.472165
953,0.471909
953.5,0.471654
954,0.471399
954.5,0.471143
955,0.470888
955.5,0.470632
956,0.470375
956.5,0.470119
957,0.469863
957.5,0.469607
958,0.469351
958.5,0.469095
959,0.468837
959.5,0.468578
960,0.468318
960.5,0.468058
961,0.467797
961.5,0.467536
962,0.467275
962.5,0.467014
963,0.466752
963.5,0.466488
964,0.466221
964.5,0.465952
965,0.465681
965.5,0.46541
966,0.46514
966.5,0.464868
967,0.464597
967.5,0.464326
968,0.464055
968.5,0.463782
969,0.463509
969.5,0.463235
970,0.462961
970.5,0.462688
971,0.462414
971.5,0.462141
972,0.461868
972.5,0.461596
973,0.461324
973.5,0.461054
974,0.460783
974.5,0.460514
975,0.460245
975.5,0.459976
976,0.459708
976.5,0.459441
977,0.459174
977.5,0.458908
978,0.458644
978.5,0.458379
979,0.458117
979.5,0.457854
980,0.457593
980.5,0.457333
981,0.457073
981.5,0.456815
982,0.456557
982.5,0.4563
983,0.456044
983.5,0.455788
984,0.455534
984.5,0.45528
985,0.455027
985.5,0.454774
986,0.454522
986.5,0.454271
987,0.454021
987.5,0.453773
988,0.453526
988.5,0.45328
989,0.453034
989.5,0.452789
990,0.452544
990.5,0.452299
991,0.452055
991.5,0.451812
992,0.451569
992.5,0.451326
993,0.451083
993.5,0.450841
994,0.4506
994.5,0.45036
995,0.450121
995.5,0.449884
996,0.449649
996.5,0.449416
997,0.449185
997.5,0.448954
998,0.448724
998.5,0.448494
999,0.448265
999.5,0.448035
1000,0.447806
1000.5,0.447577
1001,0.447348
1001.5,0.44712
1002,0.446894
1002.5,0.446671
1003,0.446449
1003.5,0.446227
1004,0.446006
1004.5,0.445785
1005,0.445564
1005.5,0.445343
1006,0.445122
1006.5,0.444902
1007,0.444682
1007.5,0.444464
1008,0.444248
1008.5,0.444032
1009,0.443817
1009.5,0.443602
1010,0.443386
1010.5,0.443171
1011,0.442956
1011.5,0.442741
1012,0.442527
1012.5,0.442316
1013,0.442106
1013.5,0.441898
1014,0.44169
1014.5,0.441483
1015,0.441275
1015.5,0.441068
1016,0.440861
1016.5,0.440654
1017,0.440447
1017.5,0.44024
1018,0.440035
1018.5,0.439833
1019,0.439632
1019.5,0.439434
1020,0.439235
1020.5,0.439037
1021,0.438839
1021.5,0.438641
1022,0.438443
1022.5,0.438246
1023,0.438048
1023.5,0.437852
1024,0.437657
1024.5,0.437465
1025,0.437273
1025.5,0.437081
1026,0.43689
1026.5,0.436699
1027,0.436507
1027.5,0.436316
1028,0.436125
1028.5,0.435934
1029,0.435742
1029.5,0.435552
1030,0.435365
1030.5,0.435178
1031,0.434991
1031.5,0.434805
1032,0.434618
1032.5,0.434434
1033,0.43425
1033.5,0.434066
1034,0.433883
1034.5,0.433699
1035,0.433515
1035.5,0.433333
1036,0.433153
1036.5,0.432973
1037,0.432793
1037.5,0.432613
1038,0.432433
1038.5,0.432253
1039,0.432073
1039.5,0.431894
1040,0.431714
1040.5,0.431534
1041,0.431356
1041.5,0.431179
1042,0.431003
1042.5,0.430827
1043,0.43065
1043.5,0.430473
1044,0.430298
1044.5,0.430125
1045,0.429954
1045.5,0.429784
1046,0.429614
1046.5,0.429443
1047,0.429273
1047.5,0.429103
1048,0.428933
1048.5,0.428766
1049,0.4286
1049.5,0.428434
1050,0.428269
1050.5,0.428103
1051,0.42794
1051.5,0.427778
1052,0.427618
1052.5,0.427459
1053,0.4273
1053.5,0.427141
1054,0.426983
1054.5,0.426824
1055,0.426666
1055.5,0.426507
1056,0.426349
1056.5,0.426191
1057,0.426033
1057.5,0.425875
1058,0.425717
1058.5,0.425559
1059,0.425401
1059.5,0.425245
1060,0.425089
1060.5,0.424934
1061,0.424778
1061.5,0.424623
1062,0.424467
1062.5,0.424312
1063,0.424156
1063.5,0.424001
1064,0.423845
1064.5,0.42369
1065,0.423535
1065.5,0.423382
1066,0.423228
1066.5,0.423073
1067,0.422918
1067.5,0.422764
1068,0.422611
1068.5,0.422457
1069,0.422305
1069.5,0.422153
1070,0.422001
1070.5,0.421848
1071,0.421696
1071.5,0.421544
1072,0.421391
1072.5,0.421239
1073,0.421089
1073.5,0.420938
1074,0.420788
1074.5,0.420638
1075,0.420488
1075.5,0.420339
1076,0.420191
1076.5,0.420044
1077,0.419897
1077.5,0.419749
1078,0.4196
1078.5,0.41945
1079,0.419302
1079.5,0.419153
1080,0.419004
1080.5,0.418856
1081,0.418708
1081.5,0.418563
1082,0.418418
1082.5,0.418274
1083,0.418131
1083.5,0.417989
1084,0.417848
1084.5,0.417706
1085,0.417563
1085.5,0.417423
1086,0.417283
1086.5,0.417143
1087,0.417003
1087.5,0.416862
1088,0.416719
1088.5,0.416575
1089,0.416431
1089.5,0.416289
1090,0.416146
1090.5,0.416003
1091,0.41586
1091.5,0.415718
1092,0.415576
1092.5,0.415435
1093,0.415295
1093.5,0.415156
1094,0.41502
1094.5,0.414884
1095,0.414751
1095.5,0.41462
1096,0.414492
1096.5,0.414368
1097,0.414249
1097.5,0.414137
1098,0.414031
1098.5,0.413933
1099,0.413841
1099.5,0.413752
1100,0.409209
1100.5,0.409076
1101,0.408938
1101.5,0.408793
1102,0.408639
1102.5,0.408478
1103,0.408313
1103.5,0.408151
1104,0.407992
1104.5,0.407837
1105,0.407687
1105.5,0.40754
1106,0.407396
1106.5,0.407255
1107,0.407115
1107.5,0.406977
1108,0.406841
1108.5,0.406707
1109,0.406577
1109.5,0.406451
1110,0.406329
1110.5,0.406211
1111,0.406097
1111.5,0.405985
1112,0.405875
1112.5,0.405765
1113,0.405655
1113.5,0.405543
1114,0.40543
1114.5,0.405315
1115,0.405198
1115.5,0.405079
1116,0.404958
1116.5,0.404835
1117,0.404711
1117.5,0.404585
1118,0.404457
1118.5,0.404326
1119,0.404194
1119.5,0.404058
1120,0.403921
1120.5,0.403782
1121,0.403642
1121.5,0.403503
1122,0.403364
1122.5,0.403226
1123,0.40309
1123.5,0.402955
1124,0.402822
1124.5,0.40269
1125,0.40256
1125.5,0.402434
1126,0.40231
1126.5,0.40219
1127,0.402071
1127.5,0.401955
1128,0.401838
1128.5,0.401721
1129,0.401602
1129.5,0.401482
1130,0.401362
1130.5,0.401242
1131,0.401123
1131.5,0.401005
1132,0.400888
1132.5,0.400772
1133,0.400656
1133.5,0.400541
1134,0.400425
1134.5,0.40031
1135,0.400195
1135.5,0.400081
1136,0.399969
1136.5,0.399859
1137,0.399751
1137.5,0.399643
1138,0.399536
1138.5,0.39943
1139,0.399325
1139.5,0.39922
1140,0.399117
1140.5,0.399014
1141,0.398913
1141.5,0.398813
1142,0.398713
1142.5,0.398614
1143,0.398516
1143.5,0.398419
1144,0.398322
1144.5,0.398226
1145,0.398131
1145.5,0.398036
1146,0.397942
1146.5,0.397848
1147,0.397754
1147.5,0.397661
1148,0.397568
1148.5,0.397476
1149,0.397385
1149.5,0.397293
1150,0.3972
1150.5,0.397106
1151,0.397011
1151.5,0.396915
1152,0.396819
1152.5,0.396722
1153,0.396625
1153.5,0.396528
1154,0.396431
1154.5,0.396335
1155,0.396239
1155.5,0.396143
1156,0.396047
1156.5,0.395952
1157,0.395856
1157.5,0.39576
1158,0.395663
1158.5,0.395565
1159,0.395466
1159.5,0.395366
1160,0.395266
1160.5,0.395165
1161,0.395063
1161.5,0.394963
1162,0.394863
1162.5,0.394764
1163,0.394666
1163.5,0.394568
1164,0.394468
1164.5,0.394367
1165,0.394264
1165.5,0.39416
1166,0.394054
1166.5,0.393947
1167,0.393839
1167.5,0.393731
1168,0.393622
1168.5,0.393514
1169,0.393405
1169.5,0.393297
1170,0.393189
1170.5,0.393082
1171,0.392976
1171.5,0.392871
1172,0.392766
1172.5,0.392661
1173,0.392558
1173.5,0.392454
1174,0.39235
1174.5,0.392246
1175,0.392141
1175.5,0.392036
1176,0.391931
1176.5,0.391826
1177,0.391723
1177.5,0.391621
1178,0.391522
1178.5,0.391425
1179,0.391329
1179.5,0.391234
1180,0.391139
1180.5,0.391045
1181,0.390952
1181.5,0.390858
1182,0.390766
1182.5,0.390673
1183,0.390581
1183.5,0.390489
1184,0.390396
1184.5,0.390302
1185,0.390207
1185.5,0.390112
1186,0.390018
1186.5,0.389925
1187,0.389834
1187.5,0.389745
1188,0.389658
1188.5,0.389571
1189,0.389484
1189.5,0.389396
1190,0.389307
1190.5,0.389218
1191,0.389128
1191.5,0.389039
1192,0.388951
1192.5,0.388865
1193,0.388781
1193.5,0.388697
1194,0.388615
1194.5,0.388534
1195,0.388453
1195.5,0.388372
1196,0.388292
1196.5,0.388212
1197,0.388131
1197.5,0.38805
1198,0.387967
1198.5,0.387885
1199,0.387801
1199.5,0.387718
1200,0.387635
1200.5,0.387554
1201,0.387473
1201.5,0.387393
1202,0.387314
1202.5,0.387235
1203,0.387156
1203.5,0.387076
1204,0.386996
1204.5,0.386915
1205,0.386834
1205.5,0.386751
1206,0.386669
1206.5,0.386587
1207,0.386505
1207.5,0.386424
1208,0.386344
1208.5,0.386264
1209,0.386185
1209.5,0.386105
1210,0.386024
1210.5,0.385943
1211,0.385862
1211.5,0.38578
1212,0.385699
1212.5,0.385619
1213,0.38554
1213.5,0.385462
1214,0.385386
1214.5,0.385311
1215,0.385237
1215.5,0.385164
1216,0.385091
1216.5,0.385017
1217,0.384943
1217.5,0.384868
1218,0.384792
1218.5,0.384715
1219,0.384638
1219.5,0.384562
1220,0.384486
1220.5,0.384411
1221,0.384338
1221.5,0.384266
1222,0.384195
1222.5,0.384125
1223,0.384056
1223.5,0.383987
1224,0.383918
1224.5,0.383849
1225,0.383779
1225.5,0.38371
1226,0.383641
1226.5,0.383573
1227,0.383507
1227.5,0.383441
1228,0.383375
1228.5,0.38331
1229,0.383244
1229.5,0.383178
1230,0.383111
1230.5,0.383044
1231,0.382978
1231.5,0.382913
1232,0.382848
1232.5,0.382785
1233,0.382722
1233.5,0.382659
1234,0.382596
1234.5,0.382531
1235,0.382466
1235.5,0.382399
1236,0.382331
1236.5,0.382262
1237,0.382193
1237.5,0.382123
1238,0.382053
1238.5,0.381985
1239,0.381916
1239.5,0.381849
1240,0.381783
1240.5,0.381718
1241,0.381653
1241.5,0.381588
1242,0.381523
1242.5,0.381457
1243,0.381392
1243.5,0.381328
1244,0.381263
1244.5,0.381199
1245,0.381133
1245.5,0.381067
1246,0.381
1246.5,0.380931
1247,0.380861
1247.5,0.380791
1248,0.380721
1248.5,0.380651
1249,0.380581
1249.5,0.380512
1250,0.380442
1250.5,0.380373
1251,0.380304
1251.5,0.380236
1252,0.380169
1252.5,0.380103
1253,0.380037
1253.5,0.379971
1254,0.379904
1254.5,0.379836
1255,0.379768
1255.5,0.3797
1256,0.379633
1256.5,0.379567
1257,0.379502
1257.5,0.379438
1258,0.379375
1258.5,0.379312
1259,0.37925
1259.5,0.379188
1260,0.379126
1260.5,0.379063
1261,0.379
1261.5,0.378937
1262,0.378873
1262.5,0.37881
1263,0.378746
1263.5,0.378683
1264,0.378621
1264.5,0.378561
1265,0.378503
1265.5,0.378446
1266,0.378391
1266.5,0.378337
1267,0.378283
1267.5,0.37823
1268,0.378177
1268.5,0.378123
1269,0.378068
1269.5,0.378013
1270,0.377958
1270.5,0.377903
1271,0.377849
1271.5,0.377796
1272,0.377744
1272.5,0.377693
1273,0.377642
1273.5,0.377592
1274,0.377541
1274.5,0.37749
1275,0.377439
1275.5,0.377388
1276,0.377338
1276.5,0.377289
1277,0.377243
1277.5,0.377198
1278,0.377155
1278.5,0.377114
1279,0.377074
1279.5,0.377034
1280,0.376996
1280.5,0.376958
1281,0.376921
1281.5,0.376884
1282,0.376847
1282.5,0.37681
1283,0.376773
1283.5,0.376735
1284,0.376699
1284.5,0.376664
1285,0.37663
1285.5,0.376598
1286,0.376567
1286.5,0.376537
1287,0.376507
1287.5,0.376478
1288,0.376448
1288.5,0.376419
1289,0.376389
1289.5,0.37636
1290,0.376332
1290.5,0.376305
1291,0.376278
1291.5,0.376252
1292,0.376227
1292.5,0.376201
1293,0.376174
1293.5,0.376146
1294,0.376118
1294.5,0.376088
1295,0.376059
1295.5,0.37603
1296,0.376001
1296.5,0.375973
1297,0.375945
1297.5,0.375918
1298,0.375891
1298.5,0.375863
1299,0.375837
1299.5,0.375811
1300,0.375786
1300.5,0.375761
1301,0.375736
1301.5,0.375711
1302,0.375686
1302.5,0.375661
1303,0.375635
1303.5,0.375609
1304,0.375582
1304.5,0.375555
1305,0.375528
1305.5,0.375501
1306,0.375475
1306.5,0.375449
1307,0.375425
1307.5,0.375401
1308,0.375379
1308.5,0.375356
1309,0.375332
1309.5,0.375309
1310,0.375284
1310.5,0.37526
1311,0.375235
1311.5,0.375211
1312,0.375187
1312.5,0.375165
1313,0.375143
1313.5,0.375121
1314,0.375099
1314.5,0.375076
1315,0.375054
1315.5,0.375031
1316,0.375008
1316.5,0.374984
1317,0.374961
1317.5,0.374938
1318,0.374916
1318.5,0.374896
1319,0.374878
1319.5,0.374863
1320,0.374848
1320.5,0.374835
1321,0.374822
1321.5,0.374809
1322,0.374795
1322.5,0.374782
1323,0.374768
1323.5,0.374756
1324,0.374744
1324.5,0.374731
1325,0.374719
1325.5,0.374706
1326,0.374694
1326.5,0.374681
1327,0.374669
1327.5,0.374658
1328,0.374647
1328.5,0.374635
1329,0.374623
1329.5,0.374611
1330,0.374597
1330.5,0.374585
1331,0.374573
1331.5,0.374563
1332,0.374554
1332.5,0.374547
1333,0.374542
1333.5,0.374536
1334,0.374531
1334.5,0.374525
1335,0.374518
1335.5,0.37451
1336,0.374501
1336.5,0.374492
1337,0.374484
1337.5,0.374476
1338,0.37447
1338.5,0.374466
1339,0.374464
1339.5,0.374464
1340,0.374466
1340.5,0.374471
1341,0.374477
1341.5,0.374486
1342,0.374497
1342.5,0.37451
1343,0.374526
1343.5,0.374543
1344,0.374564
1344.5,0.374587
1345,0.374613
1345.5,0.374643
1346,0.374676
1346.5,0.374713
1347,0.374752
1347.5,0.374794
1348,0.374838
1348.5,0.374886
1349,0.374935
1349.5,0.374987
1350,0.375042
1350.5,0.375098
1351,0.375156
1351.5,0.375217
1352,0.375279
1352.5,0.375343
1353,0.375408
1353.5,0.375474
1354,0.375538
1354.5,0.3756
1355,0.375661
1355.5,0.375718
1356,0.375773
1356.5,0.375826
1357,0.375878
1357.5,0.37593
1358,0.375981
1358.5,0.376032
1359,0.376081
1359.5,0.376131
1360,0.376179
1360.5,0.376226
1361,0.376273
1361.5,0.376321
1362,0.37637
1362.5,0.376421
1363,0.376474
1363.5,0.376529
1364,0.376586
1364.5,0.376646
1365,0.376708
1365.5,0.376773
1366,0.376843
1366.5,0.37692
1367,0.377005
1367.5,0.3771
1368,0.377207
1368.5,0.377325
1369,0.377457
1369.5,0.377603
1370,0.377763
1370.5,0.377938
1371,0.378127
1371.5,0.378331
1372,0.378548
1372.5,0.378781
1373,0.379027
1373.5,0.379288
1374,0.379564
1374.5,0.379856
1375,0.380164
1375.5,0.380488
1376,0.380827
1376.5,0.381179
1377,0.381545
1377.5,0.381921
1378,0.382306
1378.5,0.382701
1379,0.383103
1379.5,0.383511
1380,0.383925
1380.5,0.384344
1381,0.384767
1381.5,0.385196
1382,0.385629
1382.5,0.386067
1383,0.38651
1383.5,0.386959
1384,0.387414
1384.5,0.387874
1385,0.388341
1385.5,0.388817
1386,0.389299
1386.5,0.389789
1387,0.390287
1387.5,0.390791
1388,0.391301
1388.5,0.391817
1389,0.392338
1389.5,0.392865
1390,0.393398
1390.5,0.393935
1391,0.394478
1391.5,0.395025
1392,0.395575
1392.5,0.396128
1393,0.396683
1393.5,0.397237
1394,0.39779
1394.5,0.398342
1395,0.398893
1395.5,0.399442
1396,0.399989
1396.5,0.400535
1397,0.40108
1397.5,0.401623
1398,0.402165
1398.5,0.402706
1399,0.403248
1399.5,0.40379
1400,0.404333
1400.5,0.404878
1401,0.405425
1401.5,0.405974
1402,0.406526
1402.5,0.40708
1403,0.407638
1403.5,0.4082
1404,0.408765
1404.5,0.409333
1405,0.409902
1405.5,0.41047
1406,0.411033
1406.5,0.411589
1407,0.412135
1407.5,0.412666
1408,0.413179
1408.5,0.413668
1409,0.414128
1409.5,0.41455
1410,0.41493
1410.5,0.415258
1411,0.415527
1411.5,0.415736
1412,0.41588
1412.5,0.415955
1413,0.415961
1413.5,0.415896
1414,0.41576
1414.5,0.415552
1415,0.415276
1415.5,0.414931
1416,0.414523
1416.5,0.414058
1417,0.413541
1417.5,0.412979
1418,0.412384
1418.5,0.411762
1419,0.41112
1419.5,0.410466
1420,0.409805
1420.5,0.409144
1421,0.408488
1421.5,0.407841
1422,0.407208
1422.5,0.406592
1423,0.405996
1423.5,0.405421
1424,0.404869
1424.5,0.404339
1425,0.403831
1425.5,0.403344
1426,0.402875
1426.5,0.402423
1427,0.401986
1427.5,0.401562
1428,0.401149
1428.5,0.400746
1429,0.400353
1429.5,0.399968
1430,0.399592
1430.5,0.399227
1431,0.39887
1431.5,0.398524
1432,0.398187
1432.5,0.397859
1433,0.397541
1433.5,0.397231
1434,0.39693
1434.5,0.396637
1435,0.396353
1435.5,0.396078
1436,0.39581
1436.5,0.395551
1437,0.395299
1437.5,0.395054
1438,0.394814
1438.5,0.39458
1439,0.394352
1439.5,0.394128
1440,0.39391
1440.5,0.393698
1441,0.393493
1441.5,0.393294
1442,0.393102
1442.5,0.392915
1443,0.392732
1443.5,0.392555
1444,0.392381
1444.5,0.392211
1445,0.392044
1445.5,0.391882
1446,0.391723
1446.5,0.391569
1447,0.391418
1447.5,0.391271
1448,0.391128
1448.5,0.390988
1449,0.390852
1449.5,0.390719
1450,0.39059
1450.5,0.390464
1451,0.390342
1451.5,0.390223
1452,0.390107
1452.5,0.389994
1453,0.389884
1453.5,0.389777
1454,0.389674
1454.5,0.389573
1455,0.389474
1455.5,0.389376
1456,0.38928
1456.5,0.389184
1457,0.389088
1457.5,0.388995
1458,0.388903
1458.5,0.388813
1459,0.388724
1459.5,0.388636
1460,0.388549
1460.5,0.388462
1461,0.388374
1461.5,0.388285
1462,0.388195
1462.5,0.388104
1463,0.388011
1463.5,0.387916
1464,0.387818
1464.5,0.387717
1465,0.387613
1465.5,0.387505
1466,0.387395
1466.5,0.387281
1467,0.387166
1467.5,0.387048
1468,0.386928
1468.5,0.386806
1469,0.386682
1469.5,0.386556
1470,0.386427
1470.5,0.386297
1471,0.386164
1471.5,0.386029
1472,0.385891
1472.5,0.385752
1473,0.385611
1473.5,0.385469
1474,0.385325
1474.5,0.38518
1475,0.385035
1475.5,0.38489
1476,0.384746
1476.5,0.384602
1477,0.384459
1477.5,0.384316
1478,0.384174
1478.5,0.384032
1479,0.38389
1479.5,0.383748
1480,0.383607
1480.5,0.383466
1481,0.383325
1481.5,0.383186
1482,0.383049
1482.5,0.382913
1483,0.382778
1483.5,0.382644
1484,0.38251
1484.5,0.382376
1485,0.382242
1485.5,0.382107
1486,0.381973
1486.5,0.381839
1487,0.381707
1487.5,0.381575
1488,0.381445
1488.5,0.381316
1489,0.381188
1489.5,0.381061
1490,0.380935
1490.5,0.38081
1491,0.380686
1491.5,0.380563
1492,0.380441
1492.5,0.380319
1493,0.380199
1493.5,0.380079
1494,0.37996
1494.5,0.379842
1495,0.379724
1495.5,0.379606
1496,0.379487
1496.5,0.379368
1497,0.379249
1497.5,0.379129
1498,0.379011
1498.5,0.378893
1499,0.378775
1499.5,0.378658
1500,0.378542
1500.5,0.378425
1501,0.378308
1501.5,0.378191
1502,0.378074
1502.5,0.377957
1503,0.377841
1503.5,0.377726
1504,0.377612
1504.5,0.3775
1505,0.37739
1505.5,0.37728
1506,0.377171
1506.5,0.377063
1507,0.376954
1507.5,0.376846
1508,0.376738
1508.5,0.37663
1509,0.376523
1509.5,0.376416
1510,0.376308
1510.5,0.376199
1511,0.376091
1511.5,0.375982
1512,0.375874
1512.5,0.375768
1513,0.375664
1513.5,0.37556
1514,0.375457
1514.5,0.375353
1515,0.375249
1515.5,0.375145
1516,0.375041
1516.5,0.374938
1517,0.374836
1517.5,0.374736
1518,0.374637
1518.5,0.37454
1519,0.374443
1519.5,0.374347
1520,0.374249
1520.5,0.374151
1521,0.374053
1521.5,0.373954
1522,0.373856
1522.5,0.373759
1523,0.373663
1523.5,0.373569
1524,0.373476
1524.5,0.373383
1525,0.373292
1525.5,0.373201
1526,0.373111
1526.5,0.373022
1527,0.372934
1527.5,0.372846
1528,0.37276
1528.5,0.372673
1529,0.372586
1529.5,0.372499
1530,0.372412
1530.5,0.372325
1531,0.372238
1531.5,0.372151
1532,0.372066
1532.5,0.371982
1533,0.371899
1533.5,0.371818
1534,0.371739
1534.5,0.37166
1535,0.371582
1535.5,0.371504
1536,0.371426
1536.5,0.371348
1537,0.37127
1537.5,0.371192
1538,0.371114
1538.5,0.371037
1539,0.370959
1539.5,0.370882
1540,0.370806
1540.5,0.37073
1541,0.370656
1541.5,0.370583
1542,0.370511
1542.5,0.37044
1543,0.370371
1543.5,0.370303
1544,0.370235
1544.5,0.370166
1545,0.370097
1545.5,0.370028
1546,0.369959
1546.5,0.369889
1547,0.36982
1547.5,0.369751
1548,0.369682
1548.5,0.369614
1549,0.369546
1549.5,0.369479
1550,0.369413
1550.5,0.369347
1551,0.369283
1551.5,0.369219
1552,0.369156
1552.5,0.369092
1553,0.369028
1553.5,0.368965
1554,0.368902
1554.5,0.368839
1555,0.368778
1555.5,0.368718
1556,0.368658
1556.5,0.368599
1557,0.368539
1557.5,0.368479
1558,0.368419
1558.5,0.368358
1559,0.368297
1559.5,0.368236
1560,0.368175
1560.5,0.368114
1561,0.368053
1561.5,0.367992
1562,0.367932
1562.5,0.367872
1563,0.367814
1563.5,0.367757
1564,0.367701
1564.5,0.367646
1565,0.367592
1565.5,0.367538
1566,0.367483
1566.5,0.367428
1567,0.367371
1567.5,0.367314
1568,0.367257
1568.5,0.3672
1569,0.367144
1569.5,0.367087
1570,0.367031
1570.5,0.366975
1571,0.366918
1571.5,0.366861
1572,0.366803
1572.5,0.366744
1573,0.366684
1573.5,0.366624
1574,0.366563
1574.5,0.366502
1575,0.366442
1575.5,0.366382
1576,0.366325
1576.5,0.36627
1577,0.366217
1577.5,0.366165
1578,0.366114
1578.5,0.366063
1579,0.366011
1579.5,0.365958
1580,0.365903
1580.5,0.365846
1581,0.365789
1581.5,0.365731
1582,0.365675
1582.5,0.365619
1583,0.365566
1583.5,0.365514
1584,0.365464
1584.5,0.365414
1585,0.365364
1585.5,0.365314
1586,0.365263
1586.5,0.365212
1587,0.36516
1587.5,0.365107
1588,0.365055
1588.5,0.365003
1589,0.364951
1589.5,0.364899
1590,0.364848
1590.5,0.364796
1591,0.364744
1591.5,0.364692
1592,0.36464
1592.5,0.364589
1593,0.364539
1593.5,0.364489
1594,0.364439
1594.5,0.364389
1595,0.364339
1595.5,0.364288
1596,0.364237
1596.5,0.364186
1597,0.364135
1597.5,0.364085
1598,0.364036
1598.5,0.363988
1599,0.363942
1599.5,0.363896
1600,0.363852
1600.5,0.363809
1601,0.363766
1601.5,0.363723
1602,0.363681
1602.5,0.363637
1603,0.363593
1603.5,0.363547
1604,0.3635
1604.5,0.363453
1605,0.363405
1605.5,0.363357
1606,0.363311
1606.5,0.363265
1607,0.363221
1607.5,0.363178
1608,0.363136
1608.5,0.363093
1609,0.363051
1609.5,0.363008
1610,0.362964
1610.5,0.36292
1611,0.362876
1611.5,0.362833
1612,0.36279
1612.5,0.362748
1613,0.362707
1613.5,0.362666
1614,0.362626
1614.5,0.362585
1615,0.362544
1615.5,0.362502
1616,0.36246
1616.5,0.362416
1617,0.362372
1617.5,0.362328
1618,0.362283
1618.5,0.362239
1619,0.362195
1619.5,0.362152
1620,0.36211
1620.5,0.362069
1621,0.36203
1621.5,0.361991
1622,0.361952
1622.5,0.361914
1623,0.361876
1623.5,0.361837
1624,0.361798
1624.5,0.361759
1625,0.36172
1625.5,0.36168
1626,0.361641
1626.5,0.361603
1627,0.361566
1627.5,0.36153
1628,0.361494
1628.5,0.36146
1629,0.361426
1629.5,0.361392
1630,0.361358
1630.5,0.361323
1631,0.361287
1631.5,0.361251
1632,0.361214
1632.5,0.361178
1633,0.361142
1633.5,0.361106
1634,0.361072
1634.5,0.361037
1635,0.361003
1635.5,0.360969
1636,0.360936
1636.5,0.360903
1637,0.360871
1637.5,0.360839
1638,0.360808
1638.5,0.360777
1639,0.360746
1639.5,0.360715
1640,0.360683
1640.5,0.36065
1641,0.360616
1641.5,0.360581
1642,0.360545
1642.5,0.36051
1643,0.360476
1643.5,0.360443
1644,0.360411
1644.5,0.36038
1645,0.36035
1645.5,0.36032
1646,0.360291
1646.5,0.360263
1647,0.360236
1647.5,0.360209
1648,0.360182
1648.5,0.360155
1649,0.360129
1649.5,0.360101
1650,0.360073
1650.5,0.360045
1651,0.360016
1651.5,0.359988
1652,0.359959
1652.5,0.359931
1653,0.359903
1653.5,0.359875
1654,0.359847
1654.5,0.359819
1655,0.359792
1655.5,0.359763
1656,0.359734
1656.5,0.359705
1657,0.359674
1657.5,0.359643
1658,0.359611
1658.5,0.359579
1659,0.359547
1659.5,0.359515
1660,0.359483
1660.5,0.359452
1661,0.359421
1661.5,0.359391
1662,0.359362
1662.5,0.359333
1663,0.359305
1663.5,0.359277
1664,0.359249
1664.5,0.359222
1665,0.359195
1665.5,0.359169
1666,0.359143
1666.5,0.359118
1667,0.359094
1667.5,0.359071
1668,0.359049
1668.5,0.359029
1669,0.359009
1669.5,0.358991
1670,0.358974
1670.5,0.35896
1671,0.358948
1671.5,0.358937
1672,0.358928
1672.5,0.35892
1673,0.358912
1673.5,0.358903
1674,0.358895
1674.5,0.358886
1675,0.358877
1675.5,0.358869
1676,0.35886
1676.5,0.358851
1677,0.358841
1677.5,0.35883
1678,0.358819
1678.5,0.358806
1679,0.358792
1679.5,0.358777
1680,0.358762
1680.5,0.358746
1681,0.35873
1681.5,0.358714
1682,0.358697
1682.5,0.35868
1683,0.358663
1683.5,0.358646
1684,0.358628
1684.5,0.358611
1685,0.358593
1685.5,0.358576
1686,0.358558
1686.5,0.35854
1687,0.358523
1687.5,0.358505
1688,0.358488
1688.5,0.35847
1689,0.358453
1689.5,0.358435
1690,0.358417
1690.5,0.358399
1691,0.358381
1691.5,0.358363
1692,0.358345
1692.5,0.358328
1693,0.35831
1693.5,0.358293
1694,0.358276
1694.5,0.358261
1695,0.358245
1695.5,0.358231
1696,0.358218
1696.5,0.358206
1697,0.358194
1697.5,0.358184
1698,0.358173
1698.5,0.358164
1699,0.358155
1699.5,0.358147
1700,0.35814
1700.5,0.358135
1701,0.358131
1701.5,0.358128
1702,0.358126
1702.5,0.358125
1703,0.358125
1703.5,0.358125
1704,0.358127
1704.5,0.358129
1705,0.358131
1705.5,0.358134
1706,0.358137
1706.5,0.358139
1707,0.358142
1707.5,0.358145
1708,0.358149
1708.5,0.358155
1709,0.358162
1709.5,0.35817
1710,0.358179
1710.5,0.358189
1711,0.358198
1711.5,0.358208
1712,0.358218
1712.5,0.358229
1713,0.358239
1713.5,0.35825
1714,0.358263
1714.5,0.358277
1715,0.358291
1715.5,0.358307
1716,0.358323
1716.5,0.358341
1717,0.35836
1717.5,0.358379
1718,0.358399
1718.5,0.35842
1719,0.358442
1719.5,0.358465
1720,0.358488
1720.5,0.358513
1721,0.358538
1721.5,0.358564
1722,0.358591
1722.5,0.358619
1723,0.358646
1723.5,0.358673
1724,0.3587
1724.5,0.358727
1725,0.358752
1725.5,0.358776
1726,0.358799
1726.5,0.35882
1727,0.358838
1727.5,0.358854
1728,0.358867
1728.5,0.358879
1729,0.358888
1729.5,0.358896
1730,0.358901
1730.5,0.358905
1731,0.358909
1731.5,0.358911
1732,0.358912
1732.5,0.358912
1733,0.358912
1733.5,0.35891
1734,0.358908
1734.5,0.358903
1735,0.358898
1735.5,0.358892
1736,0.358885
1736.5,0.358878
1737,0.358872
1737.5,0.358867
1738,0.358864
1738.5,0.358863
1739,0.358864
1739.5,0.358866
1740,0.358871
1740.5,0.358877
1741,0.358885
1741.5,0.358894
1742,0.358903
1742.5,0.358914
1743,0.358926
1743.5,0.358939
1744,0.358952
1744.5,0.358967
1745,0.358982
1745.5,0.358998
1746,0.359015
1746.5,0.359033
1747,0.359052
1747.5,0.359072
1748,0.359093
1748.5,0.359116
1749,0.359139
1749.5,0.359164
1750,0.359189
1750.5,0.359214
1751,0.35924
1751.5,0.359267
1752,0.359294
1752.5,0.359322
1753,0.359351
1753.5,0.359381
1754,0.35941
1754.5,0.359439
1755,0.359469
1755.5,0.359498
1756,0.359526
1756.5,0.359554
1757,0.359582
1757.5,0.359608
1758,0.359633
1758.5,0.359657
1759,0.35968
1759.5,0.359702
1760,0.359722
1760.5,0.359742
1761,0.35976
1761.5,0.359778
1762,0.359794
1762.5,0.359809
1763,0.359823
1763.5,0.359836
1764,0.359848
1764.5,0.359859
1765,0.359868
1765.5,0.359876
1766,0.359883
1766.5,0.359889
1767,0.359895
1767.5,0.359901
1768,0.359907
1768.5,0.359912
1769,0.359917
1769.5,0.359922
1770,0.359926
1770.5,0.35993
1771,0.359933
1771.5,0.359937
1772,0.359941
1772.5,0.359946
1773,0.359952
1773.5,0.359959
1774,0.359966
1774.5,0.359973
1775,0.359981
1775.5,0.359989
1776,0.359996
1776.5,0.360003
1777,0.360009
1777.5,0.360015
1778,0.360021
1778.5,0.360027
1779,0.360033
1779.5,0.360039
1780,0.360046
1780.5,0.360053
1781,0.360061
1781.5,0.360068
1782,0.360075
1782.5,0.360082
1783,0.360088
1783.5,0.360095
1784,0.360102
1784.5,0.360108
1785,0.360114
1785.5,0.360119
1786,0.360123
1786.5,0.360126
1787,0.360127
1787.5,0.360128
1788,0.360127
1788.5,0.360127
1789,0.360126
1789.5,0.360126
1790,0.360126
1790.5,0.360127
1791,0.360128
1791.5,0.36013
1792,0.360131
1792.5,0.360131
1793,0.360131
1793.5,0.360129
1794,0.360126
1794.5,0.360122
1795,0.360116
1795.5,0.360109
1796,0.3601
1796.5,0.36009
1797,0.360078
1797.5,0.360065
1798,0.360052
1798.5,0.360038
1799,0.360024
1799.5,0.36001
1800,0.359996
1800.5,0.359984
1801,0.359973
1801.5,0.359962
1802,0.359953
1802.5,0.359945
1803,0.359938
1803.5,0.359931
1804,0.359923
1804.5,0.359914
1805,0.359904
1805.5,0.359893
1806,0.359881
1806.5,0.359868
1807,0.359855
1807.5,0.359841
1808,0.359828
1808.5,0.359815
1809,0.359803
1809.5,0.359793
1810,0.359784
1810.5,0.359777
1811,0.359772
1811.5,0.35977
1812,0.35977
1812.5,0.359771
1813,0.359774
1813.5,0.359778
1814,0.359782
1814.5,0.359785
1815,0.359788
1815.5,0.35979
1816,0.35979
1816.5,0.35979
1817,0.359789
1817.5,0.359787
1818,0.359785
1818.5,0.359782
1819,0.35978
1819.5,0.359777
1820,0.359776
1820.5,0.359775
1821,0.359774
1821.5,0.359775
1822,0.359776
1822.5,0.359777
1823,0.359778
1823.5,0.359779
1824,0.359779
1824.5,0.359779
1825,0.359779
1825.5,0.359778
1826,0.359779
1826.5,0.359781
1827,0.359784
1827.5,0.359789
1828,0.359797
1828.5,0.359806
1829,0.359818
1829.5,0.359832
1830,0.359849
1830.5,0.359868
1831,0.359891
1831.5,0.359916
1832,0.359943
1832.5,0.359973
1833,0.360005
1833.5,0.360037
1834,0.360071
1834.5,0.360105
1835,0.360139
1835.5,0.360173
1836,0.360205
1836.5,0.360237
1837,0.360266
1837.5,0.360294
1838,0.360319
1838.5,0.360343
1839,0.360364
1839.5,0.360385
1840,0.360404
1840.5,0.360424
1841,0.360443
1841.5,0.360464
1842,0.360487
1842.5,0.360512
1843,0.360538
1843.5,0.360567
1844,0.360598
1844.5,0.360629
1845,0.360663
1845.5,0.360697
1846,0.360732
1846.5,0.360769
1847,0.360808
1847.5,0.360849
1848,0.360892
1848.5,0.360936
1849,0.360983
1849.5,0.361032
1850,0.361083
1850.5,0.361139
1851,0.361199
1851.5,0.361264
1852,0.361336
1852.5,0.361414
1853,0.361498
1853.5,0.361589
1854,0.361685
1854.5,0.361787
1855,0.361894
1855.5,0.362006
1856,0.362123
1856.5,0.362246
1857,0.362375
1857.5,0.36251
1858,0.362653
1858.5,0.362804
1859,0.362965
1859.5,0.363135
1860,0.363317
1860.5,0.363511
1861,0.36372
1861.5,0.363944
1862,0.364185
1862.5,0.364445
1863,0.364723
1863.5,0.36502
1864,0.365337
1864.5,0.365675
1865,0.366031
1865.5,0.366407
1866,0.366803
1866.5,0.367218
1867,0.367652
1867.5,0.368105
1868,0.368576
1868.5,0.369065
1869,0.36957
1869.5,0.370093
1870,0.370632
1870.5,0.371186
1871,0.371756
1871.5,0.372341
1872,0.372941
1872.5,0.373556
1873,0.374184
1873.5,0.374826
1874,0.375482
1874.5,0.376153
1875,0.376839
1875.5,0.37754
1876,0.378258
1876.5,0.378993
1877,0.379748
1877.5,0.380521
1878,0.381314
1878.5,0.382127
1879,0.382962
1879.5,0.383818
1880,0.384697
1880.5,0.385598
1881,0.386524
1881.5,0.387475
1882,0.388452
1882.5,0.389457
1883,0.390492
1883.5,0.391557
1884,0.392654
1884.5,0.393783
1885,0.394947
1885.5,0.396146
1886,0.397381
1886.5,0.398654
1887,0.399964
1887.5,0.401314
1888,0.402703
1888.5,0.404132
1889,0.405601
1889.5,0.407109
1890,0.408657
1890.5,0.410245
1891,0.411874
1891.5,0.413542
1892,0.41525
1892.5,0.416996
1893,0.418779
1893.5,0.420597
1894,0.422447
1894.5,0.424328
1895,0.426236
1895.5,0.428167
1896,0.430119
1896.5,0.432087
1897,0.434067
1897.5,0.436053
1898,0.43804
1898.5,0.440024
1899,0.441996
1899.5,0.443952
1900,0.445884
1900.5,0.447787
1901,0.449654
1901.5,0.451478
1902,0.453255
1902.5,0.454978
1903,0.456642
1903.5,0.458245
1904,0.459781
1904.5,0.461247
1905,0.462643
1905.5,0.463969
1906,0.465222
1906.5,0.466401
1907,0.467507
1907.5,0.468539
1908,0.469498
1908.5,0.470386
1909,0.471202
1909.5,0.471947
1910,0.472624
1910.5,0.473232
1911,0.473775
1911.5,0.474254
1912,0.474672
1912.5,0.475031
1913,0.475331
1913.5,0.475579
1914,0.475776
1914.5,0.475925
1915,0.476027
1915.5,0.476085
1916,0.476102
1916.5,0.476079
1917,0.476018
1917.5,0.475923
1918,0.475793
1918.5,0.475634
1919,0.475446
1919.5,0.475233
1920,0.474996
1920.5,0.474737
1921,0.474457
1921.5,0.474158
1922,0.473843
1922.5,0.473512
1923,0.473168
1923.5,0.472813
1924,0.472448
1924.5,0.472076
1925,0.471697
1925.5,0.471314
1926,0.470927
1926.5,0.470536
1927,0.470142
1927.5,0.469744
1928,0.469344
1928.5,0.468941
1929,0.468538
1929.5,0.468134
1930,0.467729
1930.5,0.467324
1931,0.46692
1931.5,0.466515
1932,0.46611
1932.5,0.465703
1933,0.465295
1933.5,0.464886
1934,0.464475
1934.5,0.464064
1935,0.463653
1935.5,0.463243
1936,0.462834
1936.5,0.462428
1937,0.462022
1937.5,0.461618
1938,0.461215
1938.5,0.460813
1939,0.460411
1939.5,0.460011
1940,0.459611
1940.5,0.459212
1941,0.458814
1941.5,0.458416
1942,0.45802
1942.5,0.457624
1943,0.457229
1943.5,0.456837
1944,0.456446
1944.5,0.456058
1945,0.455672
1945.5,0.455287
1946,0.454903
1946.5,0.454521
1947,0.454138
1947.5,0.453756
1948,0.453375
1948.5,0.452994
1949,0.452615
1949.5,0.452237
1950,0.451861
1950.5,0.451488
1951,0.451117
1951.5,0.450748
1952,0.45038
1952.5,0.450013
1953,0.449647
1953.5,0.44928
1954,0.448913
1954.5,0.448545
1955,0.448176
1955.5,0.447807
1956,0.447438
1956.5,0.44707
1957,0.446703
1957.5,0.446338
1958,0.445974
1958.5,0.445613
1959,0.445254
1959.5,0.444896
1960,0.44454
1960.5,0.444184
1961,0.443829
1961.5,0.443473
1962,0.443116
1962.5,0.442759
1963,0.442402
1963.5,0.442046
1964,0.44169
1964.5,0.441335
1965,0.44098
1965.5,0.440625
1966,0.44027
1966.5,0.439916
1967,0.439561
1967.5,0.439206
1968,0.438851
1968.5,0.438497
1969,0.438141
1969.5,0.437784
1970,0.437427
1970.5,0.43707
1971,0.436713
1971.5,0.436356
1972,0.435999
1972.5,0.435642
1973,0.435284
1973.5,0.434926
1974,0.434567
1974.5,0.434207
1975,0.433847
1975.5,0.433487
1976,0.433125
1976.5,0.432762
1977,0.432399
1977.5,0.432035
1978,0.431673
1978.5,0.431311
1979,0.430951
1979.5,0.430592
1980,0.430234
1980.5,0.429876
1981,0.429519
1981.5,0.429162
1982,0.428805
1982.5,0.428446
1983,0.428086
1983.5,0.427726
1984,0.427365
1984.5,0.427005
1985,0.426645
1985.5,0.426285
1986,0.425925
1986.5,0.425564
1987,0.425203
1987.5,0.424842
1988,0.424482
1988.5,0.424123
1989,0.423766
1989.5,0.42341
1990,0.423056
1990.5,0.422705
1991,0.422356
1991.5,0.422009
1992,0.421663
1992.5,0.421317
1993,0.420972
1993.5,0.420628
1994,0.420284
1994.5,0.419942
1995,0.4196
1995.5,0.419261
1996,0.418923
1996.5,0.41859
1997,0.418259
1997.5,0.417931
1998,0.417604
1998.5,0.41728
1999,0.416956
1999.5,0.416633
2000,0.416311
2000.5,0.41599
2001,0.41567
2001.5,0.415353
2002,0.415038
2002.5,0.414725
2003,0.414414
2003.5,0.414105
2004,0.413797
2004.5,0.413492
2005,0.413189
2005.5,0.412888
2006,0.41259
2006.5,0.412295
2007,0.412003
2007.5,0.411715
2008,0.411431
2008.5,0.41115
2009,0.410873
2009.5,0.410601
2010,0.410332
2010.5,0.410068
2011,0.409806
2011.5,0.409548
2012,0.409291
2012.5,0.409036
2013,0.408782
2013.5,0.408529
2014,0.408277
2014.5,0.408027
2015,0.407781
2015.5,0.407538
2016,0.407298
2016.5,0.407063
2017,0.406833
2017.5,0.406606
2018,0.406384
2018.5,0.406165
2019,0.405949
2019.5,0.405736
2020,0.405525
2020.5,0.405317
2021,0.405113
2021.5,0.404912
2022,0.404714
2022.5,0.404519
2023,0.404328
2023.5,0.404139
2024,0.403952
2024.5,0.403767
2025,0.403583
2025.5,0.403401
2026,0.403221
2026.5,0.403042
2027,0.402865
2027.5,0.40269
2028,0.402519
2028.5,0.402352
2029,0.402189
2029.5,0.402029
2030,0.401873
2030.5,0.40172
2031,0.401569
2031.5,0.401421
2032,0.401275
2032.5,0.401132
2033,0.400991
2033.5,0.400853
2034,0.400719
2034.5,0.400587
2035,0.400458
2035.5,0.40033
2036,0.400204
2036.5,0.40008
2037,0.399958
2037.5,0.399839
2038,0.399722
2038.5,0.399606
2039,0.399493
2039.5,0.399381
2040,0.39927
2040.5,0.39916
2041,0.39905
2041.5,0.398942
2042,0.398835
2042.5,0.398729
2043,0.398625
2043.5,0.398523
2044,0.398423
2044.5,0.398323
2045,0.398224
2045.5,0.398125
2046,0.398026
2046.5,0.397927
2047,0.397829
2047.5,0.397732
2048,0.397636
2048.5,0.397542
2049,0.39745
2049.5,0.397359
2050,0.397268
2050.5,0.397178
2051,0.397089
2051.5,0.396998
2052,0.396907
2052.5,0.396814
2053,0.396722
2053.5,0.396629
2054,0.396536
2054.5,0.396445
2055,0.396354
2055.5,0.396264
2056,0.396172
2056.5,0.39608
2057,0.395988
2057.5,0.395895
2058,0.395802
2058.5,0.395708
2059,0.395615
2059.5,0.395521
2060,0.395428
2060.5,0.395336
2061,0.395245
2061.5,0.395157
2062,0.395072
2062.5,0.394987
2063,0.394904
2063.5,0.394821
2064,0.394738
2064.5,0.394655
2065,0.39457
2065.5,0.394484
2066,0.394397
2066.5,0.394311
2067,0.394225
2067.5,0.394141
2068,0.394059
2068.5,0.393979
2069,0.393902
2069.5,0.393827
2070,0.393754
2070.5,0.393682
2071,0.39361
2071.5,0.393539
2072,0.393469
2072.5,0.393398
2073,0.393328
2073.5,0.393259
2074,0.393191
2074.5,0.393124
2075,0.393059
2075.5,0.392996
2076,0.392936
2076.5,0.392877
2077,0.39282
2077.5,0.392765
2078,0.392712
2078.5,0.392659
2079,0.392608
2079.5,0.392559
2080,0.392512
2080.5,0.392469
2081,0.392429
2081.5,0.392394
2082,0.392361
2082.5,0.392331
2083,0.392303
2083.5,0.392277
2084,0.392252
2084.5,0.392227
2085,0.392202
2085.5,0.392179
2086,0.392156
2086.5,0.392136
2087,0.392117
2087.5,0.3921
2088,0.392085
2088.5,0.39207
2089,0.392055
2089.5,0.392039
2090,0.392023
2090.5,0.392006
2091,0.39199
2091.5,0.391972
2092,0.391955
2092.5,0.391939
2093,0.391923
2093.5,0.391908
2094,0.391894
2094.5,0.391881
2095,0.391869
2095.5,0.39186
2096,0.391853
2096.5,0.391849
2097,0.391847
2097.5,0.391848
2098,0.391852
2098.5,0.391856
2099,0.39186
2099.5,0.391866
2100,0.391871
2100.5,0.391878
2101,0.391887
2101.5,0.391897
2102,0.39191
2102.5,0.391925
2103,0.391941
2103.5,0.391958
2104,0.391977
2104.5,0.391999
2105,0.392022
2105.5,0.392048
2106,0.392076
2106.5,0.392106
2107,0.392136
2107.5,0.392165
2108,0.392191
2108.5,0.392215
2109,0.392235
2109.5,0.39225
2110,0.392262
2110.5,0.39227
2111,0.392275
2111.5,0.392278
2112,0.39228
2112.5,0.392278
2113,0.392275
2113.5,0.392269
2114,0.39226
2114.5,0.392249
2115,0.392235
2115.5,0.392219
2116,0.392202
2116.5,0.392183
2117,0.392162
2117.5,0.39214
2118,0.392118
2118.5,0.392096
2119,0.392073
2119.5,0.392052
2120,0.392032
2120.5,0.392014
2121,0.391998
2121.5,0.391986
2122,0.391976
2122.5,0.391971
2123,0.391969
2123.5,0.39197
2124,0.391975
2124.5,0.391983
2125,0.391993
2125.5,0.392009
2126,0.392028
2126.5,0.392051
2127,0.392078
2127.5,0.39211
2128,0.392147
2128.5,0.392189
2129,0.392237
2129.5,0.392292
2130,0.392354
2130.5,0.392424
2131,0.392502
2131.5,0.392587
2132,0.39268
2132.5,0.392781
2133,0.392891
2133.5,0.39301
2134,0.393137
2134.5,0.393273
2135,0.393417
2135.5,0.39357
2136,0.39373
2136.5,0.3939
2137,0.394078
2137.5,0.394266
2138,0.394466
2138.5,0.394678
2139,0.394902
2139.5,0.395139
2140,0.395389
2140.5,0.395653
2141,0.39593
2141.5,0.39622
2142,0.396523
2142.5,0.396837
2143,0.397162
2143.5,0.397497
2144,0.397841
2144.5,0.398193
2145,0.398553
2145.5,0.398922
2146,0.399298
2146.5,0.399683
2147,0.400075
2147.5,0.400476
2148,0.400884
2148.5,0.401299
2149,0.40172
2149.5,0.402144
2150,0.402573
2150.5,0.403005
2151,0.40344
2151.5,0.403879
2152,0.40432
2152.5,0.404766
2153,0.405214
2153.5,0.405665
2154,0.406117
2154.5,0.40657
2155,0.407023
2155.5,0.407475
2156,0.407925
2156.5,0.408372
2157,0.408816
2157.5,0.409255
2158,0.409688
2158.5,0.410115
2159,0.410535
2159.5,0.410948
2160,0.411356
2160.5,0.41176
2161,0.412162
2161.5,0.41256
2162,0.412956
2162.5,0.41335
2163,0.41374
2163.5,0.414125
2164,0.414506
2164.5,0.414881
2165,0.415251
2165.5,0.415614
2166,0.415973
2166.5,0.416326
2167,0.416675
2167.5,0.417019
2168,0.417359
2168.5,0.417697
2169,0.418033
2169.5,0.418368
2170,0.418703
2170.5,0.419037
2171,0.419371
2171.5,0.419705
2172,0.420037
2172.5,0.420369
2173,0.4207
2173.5,0.421033
2174,0.421368
2174.5,0.421706
2175,0.422049
2175.5,0.422398
2176,0.422753
2176.5,0.423112
2177,0.423476
2177.5,0.423843
2178,0.424212
2178.5,0.424584
2179,0.424957
2179.5,0.425332
2180,0.425711
2180.5,0.426092
2181,0.426478
2181.5,0.426869
2182,0.427265
2182.5,0.427668
2183,0.428076
2183.5,0.428492
2184,0.428916
2184.5,0.429348
2185,0.42979
2185.5,0.430239
2186,0.430696
2186.5,0.43116
2187,0.431628
2187.5,0.432099
2188,0.432572
2188.5,0.433046
2189,0.433522
2189.5,0.434
2190,0.434482
2190.5,0.434967
2191,0.435458
2191.5,0.435956
2192,0.43646
2192.5,0.43697
2193,0.437485
2193.5,0.438007
2194,0.438533
2194.5,0.439066
2195,0.439608
2195.5,0.440159
2196,0.440723
2196.5,0.441302
2197,0.441898
2197.5,0.442514
2198,0.443152
2198.5,0.443813
2199,0.4445
2199.5,0.445211
2200,0.445946
2200.5,0.446707
2201,0.447488
2201.5,0.448288
2202,0.449099
2202.5,0.449916
2203,0.450729
2203.5,0.451527
2204,0.452298
2204.5,0.453028
2205,0.453703
2205.5,0.454308
2206,0.454829
2206.5,0.455252
2207,0.455565
2207.5,0.455758
2208,0.455823
2208.5,0.455755
2209,0.455551
2209.5,0.455213
2210,0.454745
2210.5,0.454154
2211,0.453451
2211.5,0.452644
2212,0.451749
2212.5,0.450778
2213,0.449746
2213.5,0.448668
2214,0.44756
2214.5,0.446434
2215,0.445306
2215.5,0.444186
2216,0.443085
2216.5,0.44201
2217,0.44097
2217.5,0.439968
2218,0.439008
2218.5,0.438092
2219,0.43722
2219.5,0.436394
2220,0.435613
2220.5,0.434874
2221,0.434178
2221.5,0.43352
2222,0.432899
2222.5,0.43231
2223,0.431752
2223.5,0.431221
2224,0.430715
2224.5,0.430231
2225,0.429771
2225.5,0.429331
2226,0.42891
2226.5,0.428509
2227,0.428125
2227.5,0.427758
2228,0.427408
2228.5,0.427073
2229,0.426755
2229.5,0.426455
2230,0.42617
2230.5,0.425902
2231,0.425651
2231.5,0.425418
2232,0.425201
2232.5,0.425002
2233,0.424819
2233.5,0.424652
2234,0.424501
2234.5,0.424363
2235,0.424238
2235.5,0.424125
2236,0.424024
2236.5,0.423933
2237,0.423851
2237.5,0.423776
2238,0.423708
2238.5,0.423646
2239,0.423589
2239.5,0.423537
2240,0.423487
2240.5,0.42344
2241,0.423393
2241.5,0.423345
2242,0.423296
2242.5,0.423246
2243,0.423195
2243.5,0.423144
2244,0.423092
2244.5,0.423042
2245,0.422994
2245.5,0.422946
2246,0.422898
2246.5,0.422849
2247,0.422799
2247.5,0.422746
2248,0.422693
2248.5,0.422639
2249,0.422585
2249.5,0.422533
2250,0.422483
2250.5,0.422434
2251,0.422386
2251.5,0.422339
2252,0.42229
2252.5,0.422241
2253,0.42219
2253.5,0.422137
2254,0.422083
2254.5,0.422031
2255,0.421979
2255.5,0.421928
2256,0.421878
2256.5,0.421829
2257,0.421779
2257.5,0.421729
2258,0.421675
2258.5,0.421619
2259,0.421561
2259.5,0.4215
2260,0.421439
2260.5,0.421376
2261,0.421313
2261.5,0.42125
2262,0.42119
2262.5,0.421132
2263,0.421078
2263.5,0.421028
2264,0.420983
2264.5,0.420943
2265,0.420908
2265.5,0.420878
2266,0.420854
2266.5,0.420834
2267,0.420819
2267.5,0.420808
2268,0.420801
2268.5,0.420799
2269,0.420802
2269.5,0.420811
2270,0.420828
2270.5,0.420855
2271,0.420892
2271.5,0.420941
2272,0.421001
2272.5,0.421072
2273,0.421153
2273.5,0.421242
2274,0.421339
2274.5,0.421444
2275,0.421554
2275.5,0.421671
2276,0.421794
2276.5,0.421925
2277,0.422062
2277.5,0.422207
2278,0.422357
2278.5,0.422513
2279,0.422675
2279.5,0.422842
2280,0.423014
2280.5,0.423191
2281,0.423372
2281.5,0.423559
2282,0.42375
2282.5,0.423946
2283,0.424145
2283.5,0.424347
2284,0.424551
2284.5,0.424757
2285,0.424966
2285.5,0.425177
2286,0.425389
2286.5,0.425603
2287,0.42582
2287.5,0.42604
2288,0.426264
2288.5,0.426493
2289,0.426727
2289.5,0.426969
2290,0.427215
2290.5,0.427467
2291,0.427724
2291.5,0.427984
2292,0.428248
2292.5,0.428514
2293,0.428784
2293.5,0.429056
2294,0.429331
2294.5,0.429609
2295,0.42989
2295.5,0.430174
2296,0.43046
2296.5,0.430748
2297,0.431036
2297.5,0.431325
2298,0.431615
2298.5,0.431905
2299,0.432196
2299.5,0.43249
2300,0.432788
2300.5,0.433091
2301,0.433399
2301.5,0.433712
2302,0.43403
2302.5,0.434353
2303,0.434679
2303.5,0.435007
2304,0.435338
2304.5,0.43567
2305,0.436004
2305.5,0.436337
2306,0.43667
2306.5,0.437003
2307,0.437336
2307.5,0.437667
2308,0.437997
2308.5,0.438327
2309,0.438656
2309.5,0.438983
2310,0.439309
2310.5,0.439631
2311,0.439948
2311.5,0.440257
2312,0.440558
2312.5,0.440848
2313,0.441126
2313.5,0.441393
2314,0.441646
2314.5,0.441888
2315,0.442119
2315.5,0.442342
2316,0.442557
2316.5,0.442767
2317,0.442975
2317.5,0.443181
2318,0.443388
2318.5,0.443595
2319,0.443806
2319.5,0.444022
2320,0.444244
2320.5,0.444472
2321,0.444706
2321.5,0.444947
2322,0.445194
2322.5,0.445447
2323,0.445704
2323.5,0.445965
2324,0.446229
2324.5,0.446495
2325,0.446766
2325.5,0.447041
2326,0.447323
2326.5,0.447613
2327,0.44791
2327.5,0.448216
2328,0.448529
2328.5,0.448847
2329,0.449168
2329.5,0.449489
2330,0.449808
2330.5,0.450123
2331,0.450436
2331.5,0.450745
2332,0.451053
2332.5,0.451361
2333,0.45167
2333.5,0.45198
2334,0.452293
2334.5,0.452608
2335,0.452925
2335.5,0.453245
2336,0.453569
2336.5,0.453899
2337,0.454237
2337.5,0.454582
2338,0.454934
2338.5,0.455291
2339,0.455651
2339.5,0.456012
2340,0.456371
2340.5,0.456728
2341,0.457083
2341.5,0.457439
2342,0.457797
2342.5,0.458159
2343,0.458524
2343.5,0.458891
2344,0.459261
2344.5,0.459631
2345,0.459999
2345.5,0.460362
2346,0.460718
2346.5,0.461067
2347,0.461407
2347.5,0.461741
2348,0.462067
2348.5,0.462383
2349,0.46269
2349.5,0.462987
2350,0.463272
2350.5,0.463546
2351,0.463809
2351.5,0.464058
2352,0.464294
2352.5,0.464517
2353,0.464727
2353.5,0.464925
2354,0.465112
2354.5,0.465287
2355,0.465451
2355.5,0.465605
2356,0.46575
2356.5,0.465885
2357,0.466012
2357.5,0.466131
2358,0.466243
2358.5,0.466347
2359,0.466444
2359.5,0.466537
2360,0.466626
2360.5,0.466714
2361,0.466805
2361.5,0.4669
2362,0.467001
2362.5,0.467109
2363,0.467225
2363.5,0.467348
2364,0.467476
2364.5,0.467612
2365,0.467754
2365.5,0.467902
2366,0.468056
2366.5,0.468217
2367,0.468387
2367.5,0.468567
2368,0.468758
2368.5,0.468962
2369,0.46918
2369.5,0.469412
2370,0.469658
2370.5,0.469916
2371,0.470185
2371.5,0.470462
2372,0.470746
2372.5,0.471035
2373,0.471328
2373.5,0.471626
2374,0.471929
2374.5,0.47224
2375,0.472558
2375.5,0.472882
2376,0.473212
2376.5,0.473544
2377,0.473877
2377.5,0.474209
2378,0.474539
2378.5,0.474867
2379,0.475191
2379.5,0.475511
2380,0.475828
2380.5,0.47614
2381,0.476446
2381.5,0.476746
2382,0.477038
2382.5,0.47732
2383,0.477592
2383.5,0.477854
2384,0.478106
2384.5,0.478348
2385,0.478577
2385.5,0.478794
2386,0.478995
2386.5,0.479181
2387,0.479349
2387.5,0.479501
2388,0.47964
2388.5,0.479766
2389,0.479884
2389.5,0.479994
2390,0.480099
2390.5,0.4802
2391,0.480296
2391.5,0.480388
2392,0.480476
2392.5,0.480561
2393,0.480646
2393.5,0.480732
2394,0.480821
2394.5,0.480913
2395,0.481009
2395.5,0.481107
2396,0.481205
2396.5,0.481302
2397,0.481396
2397.5,0.481487
2398,0.481575
2398.5,0.481664
2399,0.481754
2399.5,0.48185
2400,0.481955
2400.5,0.482071
2401,0.4822
2401.5,0.482345
2402,0.482505
2402.5,0.482679
2403,0.482866
2403.5,0.483061
2404,0.483265
2404.5,0.483476
2405,0.483693
2405.5,0.483917
2406,0.484145
2406.5,0.48438
2407,0.48462
2407.5,0.484868
2408,0.485124
2408.5,0.485388
2409,0.485661
2409.5,0.485944
2410,0.486237
2410.5,0.48654
2411,0.486853
2411.5,0.487176
2412,0.487507
2412.5,0.487847
2413,0.488193
2413.5,0.488545
2414,0.488903
2414.5,0.489268
2415,0.489638
2415.5,0.490014
2416,0.490396
2416.5,0.490782
2417,0.491172
2417.5,0.491567
2418,0.491964
2418.5,0.492366
2419,0.492774
2419.5,0.493187
2420,0.493608
2420.5,0.494034
2421,0.494465
2421.5,0.494901
2422,0.49534
2422.5,0.495783
2423,0.49623
2423.5,0.496682
2424,0.497138
2424.5,0.4976
2425,0.498066
2425.5,0.498536
2426,0.499011
2426.5,0.499491
2427,0.499977
2427.5,0.500469
2428,0.500967
2428.5,0.501471
2429,0.501979
2429.5,0.502489
2430,0.503
2430.5,0.503511
2431,0.504019
2431.5,0.504526
2432,0.505033
2432.5,0.505541
2433,0.506051
2433.5,0.506566
2434,0.507085
2434.5,0.507607
2435,0.508132
2435.5,0.508656
2436,0.509176
2436.5,0.509688
2437,0.510189
2437.5,0.510679
2438,0.511159
2438.5,0.51163
2439,0.512092
2439.5,0.51255
2440,0.513003
2440.5,0.513453
2441,0.513901
2441.5,0.514347
2442,0.514792
2442.5,0.515236
2443,0.515678
2443.5,0.516116
2444,0.516548
2444.5,0.51697
2445,0.517382
2445.5,0.517781
2446,0.518167
2446.5,0.518539
2447,0.518899
2447.5,0.519248
2448,0.519588
2448.5,0.51992
2449,0.520245
2449.5,0.520565
2450,0.520884
2450.5,0.521205
2451,0.521529
2451.5,0.521858
2452,0.522193
2452.5,0.522533
2453,0.522875
2453.5,0.523219
2454,0.52356
2454.5,0.523895
2455,0.524222
2455.5,0.524538
2456,0.524844
2456.5,0.525141
2457,0.525433
2457.5,0.525722
2458,0.526013
2458.5,0.526308
2459,0.526609
2459.5,0.526917
2460,0.527231
2460.5,0.527551
2461,0.527872
2461.5,0.528195
2462,0.528517
2462.5,0.528837
2463,0.529157
2463.5,0.529476
2464,0.529796
2464.5,0.530119
2465,0.530446
2465.5,0.530778
2466,0.531114
2466.5,0.531453
2467,0.531794
2467.5,0.532133
2468,0.532468
2468.5,0.532796
2469,0.533117
2469.5,0.533432
2470,0.533743
2470.5,0.534052
2471,0.534362
2471.5,0.534673
2472,0.534989
2472.5,0.53531
2473,0.535639
2473.5,0.535975
2474,0.536318
2474.5,0.536665
2475,0.537014
2475.5,0.537361
2476,0.537704
2476.5,0.538042
2477,0.538375
2477.5,0.538704
2478,0.539033
2478.5,0.539365
2479,0.539699
2479.5,0.540036
2480,0.540375
2480.5,0.540714
2481,0.541052
2481.5,0.541389
2482,0.541727
2482.5,0.542067
2483,0.54241
2483.5,0.542756
2484,0.543101
2484.5,0.543445
2485,0.543785
2485.5,0.54412
2486,0.54445
2486.5,0.544773
2487,0.545091
2487.5,0.545403
2488,0.545712
2488.5,0.546017
2489,0.546316
2489.5,0.546609
2490,0.546894
2490.5,0.547169
2491,0.547433
2491.5,0.547687
2492,0.54793
2492.5,0.548165
2493,0.548395
2493.5,0.548621
2494,0.548843
2494.5,0.549058
2495,0.549264
2495.5,0.549456
2496,0.549632
2496.5,0.549792
2497,0.549937
2497.5,0.550071
2498,0.550197
2498.5,0.55032
2499,0.550443
2499.5,0.550614
